Timestamp_UTC,Symbol,Side,Regime,Model_Ver,Feat_Hash,Raw_Proba,Calib_Proba,Threshold,P_L_0,P_L_1,P_L_2,P_S_0,P_S_1,P_S_2,EV_Adj,Uncertainty,Status,Reject_Stage,Reject_Reason,Outcome_1H_PnL,Outcome_6H_PnL,Outcome_12H_PnL
2026-05-07T07:03:05.457932,SMOKE_BTC,LONG,0,smoke_test_ver,smoke_test_hash,0.6,0.65,0.7,0.6,0.5,0.4,0.3,0.4,0.5,0.02,0.01,SMOKE_PASSED,NONE,Testing Execution,,,
2026-05-07T07:03:06.754732,BTCUSDT,LONG,0,2026-05-07T06:27:54.746643,00015508ff3f5eb45da32079d52f703f,0.4544,0.4544,0.7,0.4544,0.4544,0.4544,0.6558,0.6558,0.6558,0.0,0.0,REJECTED,T1_PROBA,Proba < Thresh (0.454 < 0.7),,,
2026-05-07T07:03:06.754732,BTCUSDT,SHORT,0,2026-05-07T06:27:54.746643,00015508ff3f5eb45da32079d52f703f,0.6558,0.6558,0.99,0.4544,0.4544,0.4544,0.6558,0.6558,0.6558,0.0,0.0,REJECTED,T1_PF,Low PF (0.0),,,
2026-05-07T07:03:07.910444,ETHUSDT,LONG,0,2026-05-07T06:27:54.746643,00015508ff3f5eb45da32079d52f703f,0.6136,0.6136,0.7,0.6136,0.6136,0.6136,0.3744,0.3744,0.3744,0.0,0.0,REJECTED,T1_PROBA,Proba < Thresh (0.614 < 0.7),,,
2026-05-07T07:03:07.910444,ETHUSDT,SHORT,0,2026-05-07T06:27:54.746643,00015508ff3f5eb45da32079d52f703f,0.3744,0.3744,0.99,0.6136,0.6136,0.6136,0.3744,0.3744,0.3744,0.0,0.0,REJECTED,T1_PF,Low PF (0.0),,,
2026-05-07T07:03:08.908709,SOLUSDT,LONG,0,2026-05-07T06:27:54.746643,00015508ff3f5eb45da32079d52f703f,0.1097,0.1097,0.7,0.1097,0.1097,0.1097,0.5937,0.5937,0.5937,0.0,0.0,REJECTED,T1_PROBA,Proba < Thresh (0.110 < 0.7),,,
2026-05-07T07:03:08.909709,SOLUSDT,SHORT,0,2026-05-07T06:27:54.746643,00015508ff3f5eb45da32079d52f703f,0.5937,0.5937,0.99,0.1097,0.1097,0.1097,0.5937,0.5937,0.5937,0.0,0.0,REJECTED,T1_PF,Low PF (0.0),,,
2026-05-07T07:03:09.938136,BNBUSDT,LONG,0,2026-05-07T06:27:54.746643,00015508ff3f5eb45da32079d52f703f,0.121,0.121,0.7,0.121,0.121,0.121,0.6133,0.6133,0.6133,0.0,0.0,REJECTED,T1_PROBA,Proba < Thresh (0.121 < 0.7),,,
2026-05-07T07:03:09.939136,BNBUSDT,SHORT,0,2026-05-07T06:27:54.746643,00015508ff3f5eb45da32079d52f703f,0.6133,0.6133,0.99,0.121,0.121,0.121,0.6133,0.6133,0.6133,0.0,0.0,REJECTED,T1_PF,Low PF (0.0),,,
2026-05-07T07:03:10.831962,XRPUSDT,LONG,0,2026-05-07T06:27:54.746643,00015508ff3f5eb45da32079d52f703f,0.6159,0.6159,0.7,0.6159,0.6159,0.6159,0.4711,0.4711,0.4711,0.0,0.0,REJECTED,T1_PROBA,Proba < Thresh (0.616 < 0.7),,,
2026-05-07T07:03:10.831962,XRPUSDT,SHORT,0,2026-05-07T06:27:54.746643,00015508ff3f5eb45da32079d52f703f,0.4711,0.4711,0.99,0.6159,0.6159,0.6159,0.4711,0.4711,0.4711,0.0,0.0,REJECTED,T1_PF,Low PF (0.0),,,
2026-05-07T07:03:11.701632,DOGEUSDT,LONG,0,2026-05-07T06:27:54.746643,00015508ff3f5eb45da32079d52f703f,0.5906,0.5906,0.7,0.5906,0.5906,0.5906,0.7506,0.7506,0.7506,0.0,0.0,REJECTED,T1_PROBA,Proba < Thresh (0.591 < 0.7),,,
2026-05-07T07:03:11.702136,DOGEUSDT,SHORT,0,2026-05-07T06:27:54.746643,00015508ff3f5eb45da32079d52f703f,0.7506,0.7506,0.99,0.5906,0.5906,0.5906,0.7506,0.7506,0.7506,0.0,0.0,REJECTED,T1_PF,Low PF (0.0),,,
2026-05-07T07:03:12.607252,AVAXUSDT,LONG,0,2026-05-07T06:27:54.746643,00015508ff3f5eb45da32079d52f703f,0.1572,0.1572,0.7,0.1572,0.1572,0.1572,0.7028,0.7028,0.7028,0.0,0.0,REJECTED,T1_PROBA,Proba < Thresh (0.157 < 0.7),,,
2026-05-07T07:03:12.607252,AVAXUSDT,SHORT,0,2026-05-07T06:27:54.746643,00015508ff3f5eb45da32079d52f703f,0.7028,0.7028,0.99,0.1572,0.1572,0.1572,0.7028,0.7028,0.7028,0.0,0.0,REJECTED,T1_PF,Low PF (0.0),,,
2026-05-07T07:03:13.507161,LINKUSDT,LONG,0,2026-05-07T06:27:54.746643,00015508ff3f5eb45da32079d52f703f,0.1246,0.1246,0.7,0.1246,0.1246,0.1246,0.6459,0.6459,0.6459,0.0,0.0,REJECTED,T1_PROBA,Proba < Thresh (0.125 < 0.7),,,
2026-05-07T07:03:13.508161,LINKUSDT,SHORT,0,2026-05-07T06:27:54.746643,00015508ff3f5eb45da32079d52f703f,0.6459,0.6459,0.99,0.1246,0.1246,0.1246,0.6459,0.6459,0.6459,0.0,0.0,REJECTED,T1_PF,Low PF (0.0),,,
2026-05-07T07:03:14.404578,NEARUSDT,LONG,0,2026-05-07T06:27:54.746643,00015508ff3f5eb45da32079d52f703f,0.0288,0.0288,0.7,0.0288,0.0288,0.0288,0.427,0.427,0.427,0.0,0.0,REJECTED,T1_PROBA,Proba < Thresh (0.029 < 0.7),,,
2026-05-07T07:03:14.404578,NEARUSDT,SHORT,0,2026-05-07T06:27:54.746643,00015508ff3f5eb45da32079d52f703f,0.427,0.427,0.99,0.0288,0.0288,0.0288,0.427,0.427,0.427,0.0,0.0,REJECTED,T1_PF,Low PF (0.0),,,
2026-05-07T07:03:15.293744,ADAUSDT,LONG,0,2026-05-07T06:27:54.746643,00015508ff3f5eb45da32079d52f703f,0.1995,0.1995,0.7,0.1995,0.1995,0.1995,0.5633,0.5633,0.5633,0.0,0.0,REJECTED,T1_PROBA,Proba < Thresh (0.200 < 0.7),,,
2026-05-07T07:03:15.293744,ADAUSDT,SHORT,0,2026-05-07T06:27:54.746643,00015508ff3f5eb45da32079d52f703f,0.5633,0.5633,0.99,0.1995,0.1995,0.1995,0.5633,0.5633,0.5633,0.0,0.0,REJECTED,T1_PF,Low PF (0.0),,,
2026-05-07T07:03:16.192783,BTCUSDT,LONG,0,2026-05-07T06:27:54.746643,00015508ff3f5eb45da32079d52f703f,0.4482,0.4482,0.7,0.4482,0.4482,0.4482,0.6558,0.6558,0.6558,0.0,0.0,REJECTED,T1_PROBA,Proba < Thresh (0.448 < 0.7),,,
2026-05-07T07:03:16.193783,BTCUSDT,SHORT,0,2026-05-07T06:27:54.746643,00015508ff3f5eb45da32079d52f703f,0.6558,0.6558,0.99,0.4482,0.4482,0.4482,0.6558,0.6558,0.6558,0.0,0.0,REJECTED,T1_PF,Low PF (0.0),,,
2026-05-07T07:03:16.897722,ETHUSDT,LONG,0,2026-05-07T06:27:54.746643,00015508ff3f5eb45da32079d52f703f,0.6136,0.6136,0.7,0.6136,0.6136,0.6136,0.3744,0.3744,0.3744,0.0,0.0,REJECTED,T1_PROBA,Proba < Thresh (0.614 < 0.7),,,
2026-05-07T07:03:16.898721,ETHUSDT,SHORT,0,2026-05-07T06:27:54.746643,00015508ff3f5eb45da32079d52f703f,0.3744,0.3744,0.99,0.6136,0.6136,0.6136,0.3744,0.3744,0.3744,0.0,0.0,REJECTED,T1_PF,Low PF (0.0),,,
2026-05-07T07:03:17.597960,SOLUSDT,LONG,0,2026-05-07T06:27:54.746643,00015508ff3f5eb45da32079d52f703f,0.1097,0.1097,0.7,0.1097,0.1097,0.1097,0.5937,0.5937,0.5937,0.0,0.0,REJECTED,T1_PROBA,Proba < Thresh (0.110 < 0.7),,,
2026-05-07T07:03:17.597960,SOLUSDT,SHORT,0,2026-05-07T06:27:54.746643,00015508ff3f5eb45da32079d52f703f,0.5937,0.5937,0.99,0.1097,0.1097,0.1097,0.5937,0.5937,0.5937,0.0,0.0,REJECTED,T1_PF,Low PF (0.0),,,
2026-05-07T07:03:18.292990,BNBUSDT,LONG,0,2026-05-07T06:27:54.746643,00015508ff3f5eb45da32079d52f703f,0.121,0.121,0.7,0.121,0.121,0.121,0.6133,0.6133,0.6133,0.0,0.0,REJECTED,T1_PROBA,Proba < Thresh (0.121 < 0.7),,,
2026-05-07T07:03:18.292990,BNBUSDT,SHORT,0,2026-05-07T06:27:54.746643,00015508ff3f5eb45da32079d52f703f,0.6133,0.6133,0.99,0.121,0.121,0.121,0.6133,0.6133,0.6133,0.0,0.0,REJECTED,T1_PF,Low PF (0.0),,,
2026-05-07T07:03:19.002949,XRPUSDT,LONG,0,2026-05-07T06:27:54.746643,00015508ff3f5eb45da32079d52f703f,0.6159,0.6159,0.7,0.6159,0.6159,0.6159,0.4711,0.4711,0.4711,0.0,0.0,REJECTED,T1_PROBA,Proba < Thresh (0.616 < 0.7),,,
2026-05-07T07:03:19.002949,XRPUSDT,SHORT,0,2026-05-07T06:27:54.746643,00015508ff3f5eb45da32079d52f703f,0.4711,0.4711,0.99,0.6159,0.6159,0.6159,0.4711,0.4711,0.4711,0.0,0.0,REJECTED,T1_PF,Low PF (0.0),,,
2026-05-07T07:03:19.411759,DOGEUSDT,LONG,0,2026-05-07T06:27:54.746643,00015508ff3f5eb45da32079d52f703f,0.5906,0.5906,0.7,0.5906,0.5906,0.5906,0.7506,0.7506,0.7506,0.0,0.0,REJECTED,T1_PROBA,Proba < Thresh (0.591 < 0.7),,,
2026-05-07T07:03:19.412762,DOGEUSDT,SHORT,0,2026-05-07T06:27:54.746643,00015508ff3f5eb45da32079d52f703f,0.7506,0.7506,0.99,0.5906,0.5906,0.5906,0.7506,0.7506,0.7506,0.0,0.0,REJECTED,T1_PF,Low PF (0.0),,,
2026-05-07T07:03:20.117611,AVAXUSDT,LONG,0,2026-05-07T06:27:54.746643,00015508ff3f5eb45da32079d52f703f,0.1572,0.1572,0.7,0.1572,0.1572,0.1572,0.7028,0.7028,0.7028,0.0,0.0,REJECTED,T1_PROBA,Proba < Thresh (0.157 < 0.7),,,
2026-05-07T07:03:20.117611,AVAXUSDT,SHORT,0,2026-05-07T06:27:54.746643,00015508ff3f5eb45da32079d52f703f,0.7028,0.7028,0.99,0.1572,0.1572,0.1572,0.7028,0.7028,0.7028,0.0,0.0,REJECTED,T1_PF,Low PF (0.0),,,
2026-05-07T07:03:20.806522,LINKUSDT,LONG,0,2026-05-07T06:27:54.746643,00015508ff3f5eb45da32079d52f703f,0.1246,0.1246,0.7,0.1246,0.1246,0.1246,0.6459,0.6459,0.6459,0.0,0.0,REJECTED,T1_PROBA,Proba < Thresh (0.125 < 0.7),,,
2026-05-07T07:03:20.807521,LINKUSDT,SHORT,0,2026-05-07T06:27:54.746643,00015508ff3f5eb45da32079d52f703f,0.6459,0.6459,0.99,0.1246,0.1246,0.1246,0.6459,0.6459,0.6459,0.0,0.0,REJECTED,T1_PF,Low PF (0.0),,,
2026-05-07T07:03:21.492927,NEARUSDT,LONG,0,2026-05-07T06:27:54.746643,00015508ff3f5eb45da32079d52f703f,0.0288,0.0288,0.7,0.0288,0.0288,0.0288,0.427,0.427,0.427,0.0,0.0,REJECTED,T1_PROBA,Proba < Thresh (0.029 < 0.7),,,
2026-05-07T07:03:21.492927,NEARUSDT,SHORT,0,2026-05-07T06:27:54.746643,00015508ff3f5eb45da32079d52f703f,0.427,0.427,0.99,0.0288,0.0288,0.0288,0.427,0.427,0.427,0.0,0.0,REJECTED,T1_PF,Low PF (0.0),,,
2026-05-07T07:03:22.199074,ADAUSDT,LONG,0,2026-05-07T06:27:54.746643,00015508ff3f5eb45da32079d52f703f,0.1995,0.1995,0.7,0.1995,0.1995,0.1995,0.5564,0.5564,0.5564,0.0,0.0,REJECTED,T1_PROBA,Proba < Thresh (0.200 < 0.7),,,
2026-05-07T07:03:22.199074,ADAUSDT,SHORT,0,2026-05-07T06:27:54.746643,00015508ff3f5eb45da32079d52f703f,0.5564,0.5564,0.99,0.1995,0.1995,0.1995,0.5564,0.5564,0.5564,0.0,0.0,REJECTED,T1_PF,Low PF (0.0),,,
2026-05-07T07:03:22.933311,BTCUSDT,LONG,0,2026-05-07T06:27:54.746643,00015508ff3f5eb45da32079d52f703f,0.4482,0.4482,0.7,0.4482,0.4482,0.4482,0.6558,0.6558,0.6558,0.0,0.0,REJECTED,T1_PROBA,Proba < Thresh (0.448 < 0.7),,,
2026-05-07T07:03:22.934313,BTCUSDT,SHORT,0,2026-05-07T06:27:54.746643,00015508ff3f5eb45da32079d52f703f,0.6558,0.6558,0.99,0.4482,0.4482,0.4482,0.6558,0.6558,0.6558,0.0,0.0,REJECTED,T1_PF,Low PF (0.0),,,
2026-05-07T07:03:23.647959,ETHUSDT,LONG,0,2026-05-07T06:27:54.746643,00015508ff3f5eb45da32079d52f703f,0.6136,0.6136,0.7,0.6136,0.6136,0.6136,0.3744,0.3744,0.3744,0.0,0.0,REJECTED,T1_PROBA,Proba < Thresh (0.614 < 0.7),,,
2026-05-07T07:03:23.647959,ETHUSDT,SHORT,0,2026-05-07T06:27:54.746643,00015508ff3f5eb45da32079d52f703f,0.3744,0.3744,0.99,0.6136,0.6136,0.6136,0.3744,0.3744,0.3744,0.0,0.0,REJECTED,T1_PF,Low PF (0.0),,,
2026-05-07T07:03:24.341808,SOLUSDT,LONG,0,2026-05-07T06:27:54.746643,00015508ff3f5eb45da32079d52f703f,0.1101,0.1101,0.7,0.1101,0.1101,0.1101,0.5937,0.5937,0.5937,0.0,0.0,REJECTED,T1_PROBA,Proba < Thresh (0.110 < 0.7),,,
2026-05-07T07:03:24.343276,SOLUSDT,SHORT,0,2026-05-07T06:27:54.746643,00015508ff3f5eb45da32079d52f703f,0.5937,0.5937,0.99,0.1101,0.1101,0.1101,0.5937,0.5937,0.5937,0.0,0.0,REJECTED,T1_PF,Low PF (0.0),,,
2026-05-07T07:03:25.212053,BNBUSDT,LONG,0,2026-05-07T06:27:54.746643,00015508ff3f5eb45da32079d52f703f,0.115,0.115,0.7,0.115,0.115,0.115,0.6133,0.6133,0.6133,0.0,0.0,REJECTED,T1_PROBA,Proba < Thresh (0.115 < 0.7),,,
2026-05-07T07:03:25.212053,BNBUSDT,SHORT,0,2026-05-07T06:27:54.746643,00015508ff3f5eb45da32079d52f703f,0.6133,0.6133,0.99,0.115,0.115,0.115,0.6133,0.6133,0.6133,0.0,0.0,REJECTED,T1_PF,Low PF (0.0),,,
2026-05-07T07:03:25.932217,XRPUSDT,LONG,0,2026-05-07T06:27:54.746643,00015508ff3f5eb45da32079d52f703f,0.6159,0.6159,0.7,0.6159,0.6159,0.6159,0.4646,0.4646,0.4646,0.0,0.0,REJECTED,T1_PROBA,Proba < Thresh (0.616 < 0.7),,,
2026-05-07T07:03:25.933220,XRPUSDT,SHORT,0,2026-05-07T06:27:54.746643,00015508ff3f5eb45da32079d52f703f,0.4646,0.4646,0.99,0.6159,0.6159,0.6159,0.4646,0.4646,0.4646,0.0,0.0,REJECTED,T1_PF,Low PF (0.0),,,
2026-05-07T07:03:26.330959,DOGEUSDT,LONG,0,2026-05-07T06:27:54.746643,00015508ff3f5eb45da32079d52f703f,0.6049,0.6049,0.7,0.6049,0.6049,0.6049,0.7488,0.7488,0.7488,0.0,0.0,REJECTED,T1_PROBA,Proba < Thresh (0.605 < 0.7),,,
2026-05-07T07:03:26.331960,DOGEUSDT,SHORT,0,2026-05-07T06:27:54.746643,00015508ff3f5eb45da32079d52f703f,0.7488,0.7488,0.99,0.6049,0.6049,0.6049,0.7488,0.7488,0.7488,0.0,0.0,REJECTED,T1_PF,Low PF (0.0),,,
2026-05-07T07:03:27.039143,AVAXUSDT,LONG,0,2026-05-07T06:27:54.746643,00015508ff3f5eb45da32079d52f703f,0.1572,0.1572,0.7,0.1572,0.1572,0.1572,0.7028,0.7028,0.7028,0.0,0.0,REJECTED,T1_PROBA,Proba < Thresh (0.157 < 0.7),,,
2026-05-07T07:03:27.039143,AVAXUSDT,SHORT,0,2026-05-07T06:27:54.746643,00015508ff3f5eb45da32079d52f703f,0.7028,0.7028,0.99,0.1572,0.1572,0.1572,0.7028,0.7028,0.7028,0.0,0.0,REJECTED,T1_PF,Low PF (0.0),,,
2026-05-07T07:03:27.750399,LINKUSDT,LONG,0,2026-05-07T06:27:54.746643,00015508ff3f5eb45da32079d52f703f,0.1246,0.1246,0.7,0.1246,0.1246,0.1246,0.6459,0.6459,0.6459,0.0,0.0,REJECTED,T1_PROBA,Proba < Thresh (0.125 < 0.7),,,
2026-05-07T07:03:27.750399,LINKUSDT,SHORT,0,2026-05-07T06:27:54.746643,00015508ff3f5eb45da32079d52f703f,0.6459,0.6459,0.99,0.1246,0.1246,0.1246,0.6459,0.6459,0.6459,0.0,0.0,REJECTED,T1_PF,Low PF (0.0),,,
2026-05-07T07:03:28.439640,NEARUSDT,LONG,0,2026-05-07T06:27:54.746643,00015508ff3f5eb45da32079d52f703f,0.0288,0.0288,0.7,0.0288,0.0288,0.0288,0.427,0.427,0.427,0.0,0.0,REJECTED,T1_PROBA,Proba < Thresh (0.029 < 0.7),,,
2026-05-07T07:03:28.439640,NEARUSDT,SHORT,0,2026-05-07T06:27:54.746643,00015508ff3f5eb45da32079d52f703f,0.427,0.427,0.99,0.0288,0.0288,0.0288,0.427,0.427,0.427,0.0,0.0,REJECTED,T1_PF,Low PF (0.0),,,
2026-05-07T07:03:29.584546,ADAUSDT,LONG,0,2026-05-07T06:27:54.746643,00015508ff3f5eb45da32079d52f703f,0.1995,0.1995,0.7,0.1995,0.1995,0.1995,0.5564,0.5564,0.5564,0.0,0.0,REJECTED,T1_PROBA,Proba < Thresh (0.200 < 0.7),,,
2026-05-07T07:03:29.585547,ADAUSDT,SHORT,0,2026-05-07T06:27:54.746643,00015508ff3f5eb45da32079d52f703f,0.5564,0.5564,0.99,0.1995,0.1995,0.1995,0.5564,0.5564,0.5564,0.0,0.0,REJECTED,T1_PF,Low PF (0.0),,,
2026-05-07T07:24:23.428495,SMOKE_BTC,LONG,0,smoke_test_ver,smoke_test_hash,0.6,0.65,0.7,0.6,0.5,0.4,0.3,0.4,0.5,0.02,0.01,SMOKE_PASSED,NONE,Testing Execution,,,
2026-05-07T07:24:24.446174,BTCUSDT,LONG,0,2026-05-07T06:27:54.746643,00015508ff3f5eb45da32079d52f703f,0.4738,0.4738,0.7,0.4738,0.4738,0.4738,0.6495,0.6495,0.6495,0.0,0.0,REJECTED,T1_PROBA,Proba < Thresh (0.474 < 0.7),,,
2026-05-07T07:24:24.446174,BTCUSDT,SHORT,0,2026-05-07T06:27:54.746643,00015508ff3f5eb45da32079d52f703f,0.6495,0.6495,0.99,0.4738,0.4738,0.4738,0.6495,0.6495,0.6495,0.0,0.0,REJECTED,T1_PF,Low PF (0.0),,,
2026-05-07T07:24:25.618810,ETHUSDT,LONG,0,2026-05-07T06:27:54.746643,00015508ff3f5eb45da32079d52f703f,0.6186,0.6186,0.7,0.6186,0.6186,0.6186,0.3714,0.3714,0.3714,0.0,0.0,REJECTED,T1_PROBA,Proba < Thresh (0.619 < 0.7),,,
2026-05-07T07:24:25.619811,ETHUSDT,SHORT,0,2026-05-07T06:27:54.746643,00015508ff3f5eb45da32079d52f703f,0.3714,0.3714,0.99,0.6186,0.6186,0.6186,0.3714,0.3714,0.3714,0.0,0.0,REJECTED,T1_PF,Low PF (0.0),,,
2026-05-07T07:24:26.622068,SOLUSDT,LONG,0,2026-05-07T06:27:54.746643,00015508ff3f5eb45da32079d52f703f,0.1557,0.1557,0.7,0.1557,0.1557,0.1557,0.5729,0.5729,0.5729,0.0,0.0,REJECTED,T1_PROBA,Proba < Thresh (0.156 < 0.7),,,
2026-05-07T07:24:26.623068,SOLUSDT,SHORT,0,2026-05-07T06:27:54.746643,00015508ff3f5eb45da32079d52f703f,0.5729,0.5729,0.99,0.1557,0.1557,0.1557,0.5729,0.5729,0.5729,0.0,0.0,REJECTED,T1_PF,Low PF (0.0),,,
2026-05-07T07:24:27.534011,BNBUSDT,LONG,0,2026-05-07T06:27:54.746643,00015508ff3f5eb45da32079d52f703f,0.103,0.103,0.7,0.103,0.103,0.103,0.6607,0.6607,0.6607,0.0,0.0,REJECTED,T1_PROBA,Proba < Thresh (0.103 < 0.7),,,
2026-05-07T07:24:27.534011,BNBUSDT,SHORT,0,2026-05-07T06:27:54.746643,00015508ff3f5eb45da32079d52f703f,0.6607,0.6607,0.99,0.103,0.103,0.103,0.6607,0.6607,0.6607,0.0,0.0,REJECTED,T1_PF,Low PF (0.0),,,
2026-05-07T07:24:28.448219,XRPUSDT,LONG,0,2026-05-07T06:27:54.746643,00015508ff3f5eb45da32079d52f703f,0.6557,0.6557,0.7,0.6557,0.6557,0.6557,0.4819,0.4819,0.4819,0.0,0.0,REJECTED,T1_PROBA,Proba < Thresh (0.656 < 0.7),,,
2026-05-07T07:24:28.449218,XRPUSDT,SHORT,0,2026-05-07T06:27:54.746643,00015508ff3f5eb45da32079d52f703f,0.4819,0.4819,0.99,0.6557,0.6557,0.6557,0.4819,0.4819,0.4819,0.0,0.0,REJECTED,T1_PF,Low PF (0.0),,,
2026-05-07T07:24:29.055747,DOGEUSDT,LONG,0,2026-05-07T06:27:54.746643,00015508ff3f5eb45da32079d52f703f,0.5783,0.5783,0.7,0.5783,0.5783,0.5783,0.7423,0.7423,0.7423,0.0,0.0,REJECTED,T1_PROBA,Proba < Thresh (0.578 < 0.7),,,
2026-05-07T07:24:29.055747,DOGEUSDT,SHORT,0,2026-05-07T06:27:54.746643,00015508ff3f5eb45da32079d52f703f,0.7423,0.7423,0.99,0.5783,0.5783,0.5783,0.7423,0.7423,0.7423,0.0,0.0,REJECTED,T1_PF,Low PF (0.0),,,
2026-05-07T07:24:30.015580,AVAXUSDT,LONG,0,2026-05-07T06:27:54.746643,00015508ff3f5eb45da32079d52f703f,0.2213,0.2213,0.7,0.2213,0.2213,0.2213,0.6926,0.6926,0.6926,0.0,0.0,REJECTED,T1_PROBA,Proba < Thresh (0.221 < 0.7),,,
2026-05-07T07:24:30.015580,AVAXUSDT,SHORT,0,2026-05-07T06:27:54.746643,00015508ff3f5eb45da32079d52f703f,0.6926,0.6926,0.99,0.2213,0.2213,0.2213,0.6926,0.6926,0.6926,0.0,0.0,REJECTED,T1_PF,Low PF (0.0),,,
2026-05-07T07:24:31.076131,LINKUSDT,LONG,0,2026-05-07T06:27:54.746643,00015508ff3f5eb45da32079d52f703f,0.1374,0.1374,0.7,0.1374,0.1374,0.1374,0.6295,0.6295,0.6295,0.0,0.0,REJECTED,T1_PROBA,Proba < Thresh (0.137 < 0.7),,,
2026-05-07T07:24:31.077130,LINKUSDT,SHORT,0,2026-05-07T06:27:54.746643,00015508ff3f5eb45da32079d52f703f,0.6295,0.6295,0.99,0.1374,0.1374,0.1374,0.6295,0.6295,0.6295,0.0,0.0,REJECTED,T1_PF,Low PF (0.0),,,
2026-05-07T07:24:31.981866,NEARUSDT,LONG,0,2026-05-07T06:27:54.746643,00015508ff3f5eb45da32079d52f703f,0.0262,0.0262,0.7,0.0262,0.0262,0.0262,0.4296,0.4296,0.4296,0.0,0.0,REJECTED,T1_PROBA,Proba < Thresh (0.026 < 0.7),,,
2026-05-07T07:24:31.982866,NEARUSDT,SHORT,0,2026-05-07T06:27:54.746643,00015508ff3f5eb45da32079d52f703f,0.4296,0.4296,0.99,0.0262,0.0262,0.0262,0.4296,0.4296,0.4296,0.0,0.0,REJECTED,T1_PF,Low PF (0.0),,,
2026-05-07T07:24:32.958507,ADAUSDT,LONG,0,2026-05-07T06:27:54.746643,00015508ff3f5eb45da32079d52f703f,0.1629,0.1629,0.7,0.1629,0.1629,0.1629,0.5807,0.5807,0.5807,0.0,0.0,REJECTED,T1_PROBA,Proba < Thresh (0.163 < 0.7),,,
2026-05-07T07:24:32.959507,ADAUSDT,SHORT,0,2026-05-07T06:27:54.746643,00015508ff3f5eb45da32079d52f703f,0.5807,0.5807,0.99,0.1629,0.1629,0.1629,0.5807,0.5807,0.5807,0.0,0.0,REJECTED,T1_PF,Low PF (0.0),,,
2026-05-07T07:29:00.032151,SMOKE_BTC,LONG,0,smoke_test_ver,smoke_test_hash,0.6,0.65,0.7,0.6,0.5,0.4,0.3,0.4,0.5,0.02,0.01,SMOKE_PASSED,NONE,Testing Execution,,,
2026-05-07T07:29:00.889548,BTCUSDT,LONG,0,2026-05-07T06:27:54.746643,00015508ff3f5eb45da32079d52f703f,0.4815,0.4815,0.7,0.4815,0.4815,0.4815,0.6455,0.6455,0.6455,0.0,0.0,REJECTED,T1_PROBA,Proba < Thresh (0.481 < 0.7),,,
2026-05-07T07:29:00.889548,BTCUSDT,SHORT,0,2026-05-07T06:27:54.746643,00015508ff3f5eb45da32079d52f703f,0.6455,0.6455,0.99,0.4815,0.4815,0.4815,0.6455,0.6455,0.6455,0.0,0.0,REJECTED,T1_PF,Low PF (0.0),,,
2026-05-07T07:29:01.497557,ETHUSDT,LONG,0,2026-05-07T06:27:54.746643,00015508ff3f5eb45da32079d52f703f,0.6213,0.6213,0.7,0.6213,0.6213,0.6213,0.3714,0.3714,0.3714,0.0,0.0,REJECTED,T1_PROBA,Proba < Thresh (0.621 < 0.7),,,
2026-05-07T07:29:01.497557,ETHUSDT,SHORT,0,2026-05-07T06:27:54.746643,00015508ff3f5eb45da32079d52f703f,0.3714,0.3714,0.99,0.6213,0.6213,0.6213,0.3714,0.3714,0.3714,0.0,0.0,REJECTED,T1_PF,Low PF (0.0),,,
2026-05-07T07:29:02.090808,SOLUSDT,LONG,0,2026-05-07T06:27:54.746643,00015508ff3f5eb45da32079d52f703f,0.1544,0.1544,0.7,0.1544,0.1544,0.1544,0.5695,0.5695,0.5695,0.0,0.0,REJECTED,T1_PROBA,Proba < Thresh (0.154 < 0.7),,,
2026-05-07T07:29:02.090808,SOLUSDT,SHORT,0,2026-05-07T06:27:54.746643,00015508ff3f5eb45da32079d52f703f,0.5695,0.5695,0.99,0.1544,0.1544,0.1544,0.5695,0.5695,0.5695,0.0,0.0,REJECTED,T1_PF,Low PF (0.0),,,
2026-05-07T07:29:02.693239,BNBUSDT,LONG,0,2026-05-07T06:27:54.746643,00015508ff3f5eb45da32079d52f703f,0.1101,0.1101,0.7,0.1101,0.1101,0.1101,0.6569,0.6569,0.6569,0.0,0.0,REJECTED,T1_PROBA,Proba < Thresh (0.110 < 0.7),,,
2026-05-07T07:29:02.693239,BNBUSDT,SHORT,0,2026-05-07T06:27:54.746643,00015508ff3f5eb45da32079d52f703f,0.6569,0.6569,0.99,0.1101,0.1101,0.1101,0.6569,0.6569,0.6569,0.0,0.0,REJECTED,T1_PF,Low PF (0.0),,,
2026-05-07T07:29:03.285971,XRPUSDT,LONG,0,2026-05-07T06:27:54.746643,00015508ff3f5eb45da32079d52f703f,0.6507,0.6507,0.7,0.6507,0.6507,0.6507,0.4668,0.4668,0.4668,0.0,0.0,REJECTED,T1_PROBA,Proba < Thresh (0.651 < 0.7),,,
2026-05-07T07:29:03.285971,XRPUSDT,SHORT,0,2026-05-07T06:27:54.746643,00015508ff3f5eb45da32079d52f703f,0.4668,0.4668,0.99,0.6507,0.6507,0.6507,0.4668,0.4668,0.4668,0.0,0.0,REJECTED,T1_PF,Low PF (0.0),,,
2026-05-07T07:29:03.588692,DOGEUSDT,LONG,0,2026-05-07T06:27:54.746643,00015508ff3f5eb45da32079d52f703f,0.5988,0.5988,0.7,0.5988,0.5988,0.5988,0.7433,0.7433,0.7433,0.0,0.0,REJECTED,T1_PROBA,Proba < Thresh (0.599 < 0.7),,,
2026-05-07T07:29:03.589692,DOGEUSDT,SHORT,0,2026-05-07T06:27:54.746643,00015508ff3f5eb45da32079d52f703f,0.7433,0.7433,0.99,0.5988,0.5988,0.5988,0.7433,0.7433,0.7433,0.0,0.0,REJECTED,T1_PF,Low PF (0.0),,,
2026-05-07T07:29:04.184994,AVAXUSDT,LONG,0,2026-05-07T06:27:54.746643,00015508ff3f5eb45da32079d52f703f,0.1974,0.1974,0.7,0.1974,0.1974,0.1974,0.6926,0.6926,0.6926,0.0,0.0,REJECTED,T1_PROBA,Proba < Thresh (0.197 < 0.7),,,
2026-05-07T07:29:04.184994,AVAXUSDT,SHORT,0,2026-05-07T06:27:54.746643,00015508ff3f5eb45da32079d52f703f,0.6926,0.6926,0.99,0.1974,0.1974,0.1974,0.6926,0.6926,0.6926,0.0,0.0,REJECTED,T1_PF,Low PF (0.0),,,
2026-05-07T07:29:04.774562,LINKUSDT,LONG,0,2026-05-07T06:27:54.746643,00015508ff3f5eb45da32079d52f703f,0.1374,0.1374,0.7,0.1374,0.1374,0.1374,0.6295,0.6295,0.6295,0.0,0.0,REJECTED,T1_PROBA,Proba < Thresh (0.137 < 0.7),,,
2026-05-07T07:29:04.775562,LINKUSDT,SHORT,0,2026-05-07T06:27:54.746643,00015508ff3f5eb45da32079d52f703f,0.6295,0.6295,0.99,0.1374,0.1374,0.1374,0.6295,0.6295,0.6295,0.0,0.0,REJECTED,T1_PF,Low PF (0.0),,,
2026-05-07T07:29:05.372105,NEARUSDT,LONG,0,2026-05-07T06:27:54.746643,00015508ff3f5eb45da32079d52f703f,0.0225,0.0225,0.7,0.0225,0.0225,0.0225,0.4302,0.4302,0.4302,0.0,0.0,REJECTED,T1_PROBA,Proba < Thresh (0.023 < 0.7),,,
2026-05-07T07:29:05.373106,NEARUSDT,SHORT,0,2026-05-07T06:27:54.746643,00015508ff3f5eb45da32079d52f703f,0.4302,0.4302,0.99,0.0225,0.0225,0.0225,0.4302,0.4302,0.4302,0.0,0.0,REJECTED,T1_PF,Low PF (0.0),,,
2026-05-07T07:29:05.968062,ADAUSDT,LONG,0,2026-05-07T06:27:54.746643,00015508ff3f5eb45da32079d52f703f,0.1584,0.1584,0.7,0.1584,0.1584,0.1584,0.5807,0.5807,0.5807,0.0,0.0,REJECTED,T1_PROBA,Proba < Thresh (0.158 < 0.7),,,
2026-05-07T07:29:05.968062,ADAUSDT,SHORT,0,2026-05-07T06:27:54.746643,00015508ff3f5eb45da32079d52f703f,0.5807,0.5807,0.99,0.1584,0.1584,0.1584,0.5807,0.5807,0.5807,0.0,0.0,REJECTED,T1_PF,Low PF (0.0),,,
2026-05-07T07:52:08.551411,SMOKE_BTC,LONG,0,smoke_test_ver,smoke_test_hash,0.6,0.65,0.7,0.6,0.5,0.4,0.3,0.4,0.5,0.02,0.01,SMOKE_PASSED,NONE,Testing Execution,,,
2026-05-07T07:52:09.666995,BTCUSDT,LONG,0,2026-05-07T07:51:14.460511,00015508ff3f5eb45da32079d52f703f,0.5593,0.5593,0.7,0.5593,0.5593,0.5593,0.6329,0.6329,0.6329,0.0,0.0,REJECTED,T1_BOOTSTRAP,CI_Lower (0.00) <= 1.0,,,
2026-05-07T07:52:09.666995,BTCUSDT,SHORT,0,2026-05-07T07:51:14.460511,00015508ff3f5eb45da32079d52f703f,0.6329,0.6329,0.99,0.5593,0.5593,0.5593,0.6329,0.6329,0.6329,0.0,0.0,REJECTED,T1_NODATA,Trades (0) < 50,,,
2026-05-07T07:52:10.268394,ETHUSDT,LONG,0,2026-05-07T07:51:14.460511,00015508ff3f5eb45da32079d52f703f,0.6616,0.6616,0.7,0.6616,0.6616,0.6616,0.4491,0.4491,0.4491,0.0,0.0,REJECTED,T1_BOOTSTRAP,CI_Lower (0.00) <= 1.0,,,
2026-05-07T07:52:10.268394,ETHUSDT,SHORT,0,2026-05-07T07:51:14.460511,00015508ff3f5eb45da32079d52f703f,0.4491,0.4491,0.99,0.6616,0.6616,0.6616,0.4491,0.4491,0.4491,0.0,0.0,REJECTED,T1_NODATA,Trades (0) < 50,,,
2026-05-07T07:52:10.858767,SOLUSDT,LONG,0,2026-05-07T07:51:14.460511,00015508ff3f5eb45da32079d52f703f,0.1624,0.1624,0.7,0.1624,0.1624,0.1624,0.4618,0.4618,0.4618,0.0,0.0,REJECTED,T1_BOOTSTRAP,CI_Lower (0.00) <= 1.0,,,
2026-05-07T07:52:10.859768,SOLUSDT,SHORT,0,2026-05-07T07:51:14.460511,00015508ff3f5eb45da32079d52f703f,0.4618,0.4618,0.99,0.1624,0.1624,0.1624,0.4618,0.4618,0.4618,0.0,0.0,REJECTED,T1_NODATA,Trades (0) < 50,,,
2026-05-07T07:52:11.470506,BNBUSDT,LONG,0,2026-05-07T07:51:14.460511,00015508ff3f5eb45da32079d52f703f,0.0965,0.0965,0.7,0.0965,0.0965,0.0965,0.6542,0.6542,0.6542,0.0,0.0,REJECTED,T1_BOOTSTRAP,CI_Lower (0.00) <= 1.0,,,
2026-05-07T07:52:11.472008,BNBUSDT,SHORT,0,2026-05-07T07:51:14.460511,00015508ff3f5eb45da32079d52f703f,0.6542,0.6542,0.99,0.0965,0.0965,0.0965,0.6542,0.6542,0.6542,0.0,0.0,REJECTED,T1_NODATA,Trades (0) < 50,,,
2026-05-07T07:52:12.076207,XRPUSDT,LONG,0,2026-05-07T07:51:14.460511,00015508ff3f5eb45da32079d52f703f,0.6692,0.6692,0.7,0.6692,0.6692,0.6692,0.491,0.491,0.491,0.0,0.0,REJECTED,T1_BOOTSTRAP,CI_Lower (0.00) <= 1.0,,,
2026-05-07T07:52:12.076207,XRPUSDT,SHORT,0,2026-05-07T07:51:14.460511,00015508ff3f5eb45da32079d52f703f,0.491,0.491,0.99,0.6692,0.6692,0.6692,0.491,0.491,0.491,0.0,0.0,REJECTED,T1_NODATA,Trades (0) < 50,,,
2026-05-07T07:52:12.363277,DOGEUSDT,LONG,0,2026-05-07T07:51:14.460511,00015508ff3f5eb45da32079d52f703f,0.598,0.598,0.7,0.598,0.598,0.598,0.7401,0.7401,0.7401,0.0,0.0,REJECTED,T1_BOOTSTRAP,CI_Lower (0.00) <= 1.0,,,
2026-05-07T07:52:12.363277,DOGEUSDT,SHORT,0,2026-05-07T07:51:14.460511,00015508ff3f5eb45da32079d52f703f,0.7401,0.7401,0.99,0.598,0.598,0.598,0.7401,0.7401,0.7401,0.0,0.0,REJECTED,T1_NODATA,Trades (0) < 50,,,
2026-05-07T07:52:12.984193,AVAXUSDT,LONG,0,2026-05-07T07:51:14.460511,00015508ff3f5eb45da32079d52f703f,0.3482,0.3482,0.7,0.3482,0.3482,0.3482,0.5847,0.5847,0.5847,0.0,0.0,REJECTED,T1_BOOTSTRAP,CI_Lower (0.00) <= 1.0,,,
2026-05-07T07:52:12.984193,AVAXUSDT,SHORT,0,2026-05-07T07:51:14.460511,00015508ff3f5eb45da32079d52f703f,0.5847,0.5847,0.99,0.3482,0.3482,0.3482,0.5847,0.5847,0.5847,0.0,0.0,REJECTED,T1_NODATA,Trades (0) < 50,,,
2026-05-07T07:52:13.590928,LINKUSDT,LONG,0,2026-05-07T07:51:14.460511,00015508ff3f5eb45da32079d52f703f,0.176,0.176,0.7,0.176,0.176,0.176,0.5747,0.5747,0.5747,0.0,0.0,REJECTED,T1_BOOTSTRAP,CI_Lower (0.00) <= 1.0,,,
2026-05-07T07:52:13.591934,LINKUSDT,SHORT,0,2026-05-07T07:51:14.460511,00015508ff3f5eb45da32079d52f703f,0.5747,0.5747,0.99,0.176,0.176,0.176,0.5747,0.5747,0.5747,0.0,0.0,REJECTED,T1_NODATA,Trades (0) < 50,,,
2026-05-07T07:52:14.186250,NEARUSDT,LONG,0,2026-05-07T07:51:14.460511,00015508ff3f5eb45da32079d52f703f,0.0222,0.0222,0.7,0.0222,0.0222,0.0222,0.4572,0.4572,0.4572,0.0,0.0,REJECTED,T1_BOOTSTRAP,CI_Lower (0.00) <= 1.0,,,
2026-05-07T07:52:14.187250,NEARUSDT,SHORT,0,2026-05-07T07:51:14.460511,00015508ff3f5eb45da32079d52f703f,0.4572,0.4572,0.99,0.0222,0.0222,0.0222,0.4572,0.4572,0.4572,0.0,0.0,REJECTED,T1_NODATA,Trades (0) < 50,,,
2026-05-07T07:52:14.788839,ADAUSDT,LONG,0,2026-05-07T07:51:14.460511,00015508ff3f5eb45da32079d52f703f,0.1718,0.1718,0.7,0.1718,0.1718,0.1718,0.6137,0.6137,0.6137,0.0,0.0,REJECTED,T1_BOOTSTRAP,CI_Lower (0.00) <= 1.0,,,
2026-05-07T07:52:14.789838,ADAUSDT,SHORT,0,2026-05-07T07:51:14.460511,00015508ff3f5eb45da32079d52f703f,0.6137,0.6137,0.99,0.1718,0.1718,0.1718,0.6137,0.6137,0.6137,0.0,0.0,REJECTED,T1_NODATA,Trades (0) < 50,,,
2026-05-07T08:39:18.144484,SMOKE_BTC,LONG,0,smoke_test_ver,smoke_test_hash,0.6,0.65,0.75,0.6,0.5,0.4,0.3,0.4,0.5,0.02,0.01,SMOKE_PASSED,NONE,Testing Execution,,,
2026-05-07T08:39:18.725824,BTCUSDT,LONG,0,2026-05-07T08:39:14.641170,03f75e1e662581ec6815e55fe6a6e016,0.4791,0.4791,0.75,0.4791,0.4791,0.4791,0.7274,0.7274,0.7274,0.0,0.0,REJECTED,T1_BOOTSTRAP,CI_Lower (0.97) <= 1.0,,,
2026-05-07T08:39:18.726824,BTCUSDT,SHORT,0,2026-05-07T08:39:14.641170,03f75e1e662581ec6815e55fe6a6e016,0.7274,0.7274,0.99,0.4791,0.4791,0.4791,0.7274,0.7274,0.7274,0.0,0.0,REJECTED,T1_NODATA,Trades (0) < 50,,,
2026-05-07T08:39:19.020495,ETHUSDT,LONG,0,2026-05-07T08:39:14.641170,03f75e1e662581ec6815e55fe6a6e016,0.5329,0.5329,0.75,0.5329,0.5329,0.5329,0.4938,0.4938,0.4938,0.0,0.0,REJECTED,T1_BOOTSTRAP,CI_Lower (0.97) <= 1.0,,,
2026-05-07T08:39:19.021501,ETHUSDT,SHORT,0,2026-05-07T08:39:14.641170,03f75e1e662581ec6815e55fe6a6e016,0.4938,0.4938,0.99,0.5329,0.5329,0.5329,0.4938,0.4938,0.4938,0.0,0.0,REJECTED,T1_NODATA,Trades (0) < 50,,,
2026-05-07T08:39:19.304787,SOLUSDT,LONG,0,2026-05-07T08:39:14.641170,03f75e1e662581ec6815e55fe6a6e016,0.2097,0.2097,0.75,0.2097,0.2097,0.2097,0.4928,0.4928,0.4928,0.0,0.0,REJECTED,T1_BOOTSTRAP,CI_Lower (0.97) <= 1.0,,,
2026-05-07T08:39:19.304787,SOLUSDT,SHORT,0,2026-05-07T08:39:14.641170,03f75e1e662581ec6815e55fe6a6e016,0.4928,0.4928,0.99,0.2097,0.2097,0.2097,0.4928,0.4928,0.4928,0.0,0.0,REJECTED,T1_NODATA,Trades (0) < 50,,,
2026-05-07T08:39:19.602749,BNBUSDT,LONG,0,2026-05-07T08:39:14.641170,03f75e1e662581ec6815e55fe6a6e016,0.0917,0.0917,0.75,0.0917,0.0917,0.0917,0.7303,0.7303,0.7303,0.0,0.0,REJECTED,T1_BOOTSTRAP,CI_Lower (0.97) <= 1.0,,,
2026-05-07T08:39:19.602749,BNBUSDT,SHORT,0,2026-05-07T08:39:14.641170,03f75e1e662581ec6815e55fe6a6e016,0.7303,0.7303,0.99,0.0917,0.0917,0.0917,0.7303,0.7303,0.7303,0.0,0.0,REJECTED,T1_NODATA,Trades (0) < 50,,,
2026-05-07T08:39:19.897463,XRPUSDT,LONG,0,2026-05-07T08:39:14.641170,03f75e1e662581ec6815e55fe6a6e016,0.5842,0.5842,0.75,0.5842,0.5842,0.5842,0.5,0.5,0.5,0.0,0.0,REJECTED,T1_BOOTSTRAP,CI_Lower (0.97) <= 1.0,,,
2026-05-07T08:39:19.898965,XRPUSDT,SHORT,0,2026-05-07T08:39:14.641170,03f75e1e662581ec6815e55fe6a6e016,0.5,0.5,0.99,0.5842,0.5842,0.5842,0.5,0.5,0.5,0.0,0.0,REJECTED,T1_NODATA,Trades (0) < 50,,,
2026-05-07T08:39:20.185024,DOGEUSDT,LONG,0,2026-05-07T08:39:14.641170,03f75e1e662581ec6815e55fe6a6e016,0.5311,0.5311,0.75,0.5311,0.5311,0.5311,0.7078,0.7078,0.7078,0.0,0.0,REJECTED,T1_BOOTSTRAP,CI_Lower (0.97) <= 1.0,,,
2026-05-07T08:39:20.186024,DOGEUSDT,SHORT,0,2026-05-07T08:39:14.641170,03f75e1e662581ec6815e55fe6a6e016,0.7078,0.7078,0.99,0.5311,0.5311,0.5311,0.7078,0.7078,0.7078,0.0,0.0,REJECTED,T1_NODATA,Trades (0) < 50,,,
2026-05-07T08:39:20.472049,AVAXUSDT,LONG,0,2026-05-07T08:39:14.641170,03f75e1e662581ec6815e55fe6a6e016,0.2278,0.2278,0.75,0.2278,0.2278,0.2278,0.6266,0.6266,0.6266,0.0,0.0,REJECTED,T1_BOOTSTRAP,CI_Lower (0.97) <= 1.0,,,
2026-05-07T08:39:20.472049,AVAXUSDT,SHORT,0,2026-05-07T08:39:14.641170,03f75e1e662581ec6815e55fe6a6e016,0.6266,0.6266,0.99,0.2278,0.2278,0.2278,0.6266,0.6266,0.6266,0.0,0.0,REJECTED,T1_NODATA,Trades (0) < 50,,,
2026-05-07T08:39:20.757915,LINKUSDT,LONG,0,2026-05-07T08:39:14.641170,03f75e1e662581ec6815e55fe6a6e016,0.148,0.148,0.75,0.148,0.148,0.148,0.6492,0.6492,0.6492,0.0,0.0,REJECTED,T1_BOOTSTRAP,CI_Lower (0.97) <= 1.0,,,
2026-05-07T08:39:20.757915,LINKUSDT,SHORT,0,2026-05-07T08:39:14.641170,03f75e1e662581ec6815e55fe6a6e016,0.6492,0.6492,0.99,0.148,0.148,0.148,0.6492,0.6492,0.6492,0.0,0.0,REJECTED,T1_NODATA,Trades (0) < 50,,,
2026-05-07T08:39:21.047381,NEARUSDT,LONG,0,2026-05-07T08:39:14.641170,03f75e1e662581ec6815e55fe6a6e016,0.0188,0.0188,0.75,0.0188,0.0188,0.0188,0.4474,0.4474,0.4474,0.0,0.0,REJECTED,T1_BOOTSTRAP,CI_Lower (0.97) <= 1.0,,,
2026-05-07T08:39:21.048884,NEARUSDT,SHORT,0,2026-05-07T08:39:14.641170,03f75e1e662581ec6815e55fe6a6e016,0.4474,0.4474,0.99,0.0188,0.0188,0.0188,0.4474,0.4474,0.4474,0.0,0.0,REJECTED,T1_NODATA,Trades (0) < 50,,,
2026-05-07T08:39:21.347573,ADAUSDT,LONG,0,2026-05-07T08:39:14.641170,03f75e1e662581ec6815e55fe6a6e016,0.1247,0.1247,0.75,0.1247,0.1247,0.1247,0.557,0.557,0.557,0.0,0.0,REJECTED,T1_BOOTSTRAP,CI_Lower (0.97) <= 1.0,,,
2026-05-07T08:39:21.349075,ADAUSDT,SHORT,0,2026-05-07T08:39:14.641170,03f75e1e662581ec6815e55fe6a6e016,0.557,0.557,0.99,0.1247,0.1247,0.1247,0.557,0.557,0.557,0.0,0.0,REJECTED,T1_NODATA,Trades (0) < 50,,,
